phone,password
09660000001,password123
09660000002,password123
09660000003,password123
09660000004,password123
09660000005,password123
09660000006,password123
09660000007,password123
09660000008,password123
09660000009,password123
09660000010,password123
09660000011,password123
09660000012,password123
09660000013,password123
09660000014,password123
09660000015,password123
09660000016,password123
09660000017,password123
09660000018,password123
09660000019,password123
09660000020,password123
09660000021,password123
09660000022,password123
09660000023,password123
09660000024,password123
09660000025,password123
09660000026,password123
09660000027,password123
09660000028,password123
09660000029,password123
09660000030,password123
09660000031,password123
09660000032,password123
09660000033,password123
09660000034,password123
09660000035,password123
09660000036,password123
09660000037,password123
09660000038,password123
09660000039,password123
09660000040,password123
09660000041,password123
09660000042,password123
09660000043,password123
09660000044,password123
09660000045,password123
09660000046,password123
09660000047,password123
09660000048,password123
09660000049,password123
09660000050,password123
09660000051,password123
09660000052,password123
09660000053,password123
09660000054,password123
09660000055,password123
09660000056,password123
09660000057,password123
09660000058,password123
09660000059,password123
09660000060,password123
09660000061,password123
09660000062,password123
09660000063,password123
09660000064,password123
09660000065,password123
09660000066,password123
09660000067,password123
09660000068,password123
09660000069,password123
09660000070,password123
09660000071,password123
09660000072,password123
09660000073,password123
09660000074,password123
09660000075,password123
09660000076,password123
09660000077,password123
09660000078,password123
09660000079,password123
09660000080,password123
09660000081,password123
09660000082,password123
09660000083,password123
09660000084,password123
09660000085,password123
09660000086,password123
09660000087,password123
09660000088,password123
09660000089,password123
09660000090,password123
09660000091,password123
09660000092,password123
09660000093,password123
09660000094,password123
09660000095,password123
09660000096,password123
09660000097,password123
09660000098,password123
09660000099,password123
09660000100,password123
09660000101,password123
09660000102,password123
09660000103,password123
09660000104,password123
09660000105,password123
09660000106,password123
09660000107,password123
09660000108,password123
09660000109,password123
09660000110,password123
09660000111,password123
09660000112,password123
09660000113,password123
09660000114,password123
09660000115,password123
09660000116,password123
09660000117,password123
09660000118,password123
09660000119,password123
09660000120,password123
09660000121,password123
09660000122,password123
09660000123,password123
09660000124,password123
09660000125,password123
09660000126,password123
09660000127,password123
09660000128,password123
09660000129,password123
09660000130,password123
09660000131,password123
09660000132,password123
09660000133,password123
09660000134,password123
09660000135,password123
09660000136,password123
09660000137,password123
09660000138,password123
09660000139,password123
09660000140,password123
09660000141,password123
09660000142,password123
09660000143,password123
09660000144,password123
09660000145,password123
09660000146,password123
09660000147,password123
09660000148,password123
09660000149,password123
09660000150,password123
09660000151,password123
09660000152,password123
09660000153,password123
09660000154,password123
09660000155,password123
09660000156,password123
09660000157,password123
09660000158,password123
09660000159,password123
09660000160,password123
09660000161,password123
09660000162,password123
09660000163,password123
09660000164,password123
09660000165,password123
09660000166,password123
09660000167,password123
09660000168,password123
09660000169,password123
09660000170,password123
09660000171,password123
09660000172,password123
09660000173,password123
09660000174,password123
09660000175,password123
09660000176,password123
09660000177,password123
09660000178,password123
09660000179,password123
09660000180,password123
09660000181,password123
09660000182,password123
09660000183,password123
09660000184,password123
09660000185,password123
09660000186,password123
09660000187,password123
09660000188,password123
09660000189,password123
09660000190,password123
09660000191,password123
09660000192,password123
09660000193,password123
09660000194,password123
09660000195,password123
09660000196,password123
09660000197,password123
09660000198,password123
09660000199,password123
09660000200,password123
09660000201,password123
09660000202,password123
09660000203,password123
09660000204,password123
09660000205,password123
09660000206,password123
09660000207,password123
09660000208,password123
09660000209,password123
09660000210,password123
09660000211,password123
09660000212,password123
09660000213,password123
09660000214,password123
09660000215,password123
09660000216,password123
09660000217,password123
09660000218,password123
09660000219,password123
09660000220,password123
09660000221,password123
09660000222,password123
09660000223,password123
09660000224,password123
09660000225,password123
09660000226,password123
09660000227,password123
09660000228,password123
09660000229,password123
09660000230,password123
09660000231,password123
09660000232,password123
09660000233,password123
09660000234,password123
09660000235,password123
09660000236,password123
09660000237,password123
09660000238,password123
09660000239,password123
09660000240,password123
09660000241,password123
09660000242,password123
09660000243,password123
09660000244,password123
09660000245,password123
09660000246,password123
09660000247,password123
09660000248,password123
09660000249,password123
09660000250,password123
09660000251,password123
09660000252,password123
09660000253,password123
09660000254,password123
09660000255,password123
09660000256,password123
09660000257,password123
09660000258,password123
09660000259,password123
09660000260,password123
09660000261,password123
09660000262,password123
09660000263,password123
09660000264,password123
09660000265,password123
09660000266,password123
09660000267,password123
09660000268,password123
09660000269,password123
09660000270,password123
09660000271,password123
09660000272,password123
09660000273,password123
09660000274,password123
09660000275,password123
09660000276,password123
09660000277,password123
09660000278,password123
09660000279,password123
09660000280,password123
09660000281,password123
09660000282,password123
09660000283,password123
09660000284,password123
09660000285,password123
09660000286,password123
09660000287,password123
09660000288,password123
09660000289,password123
09660000290,password123
09660000291,password123
09660000292,password123
09660000293,password123
09660000294,password123
09660000295,password123
09660000296,password123
09660000297,password123
09660000298,password123
09660000299,password123
09660000300,password123
09660000301,password123
09660000302,password123
09660000303,password123
09660000304,password123
09660000305,password123
09660000306,password123
09660000307,password123
09660000308,password123
09660000309,password123
09660000310,password123
09660000311,password123
09660000312,password123
09660000313,password123
09660000314,password123
09660000315,password123
09660000316,password123
09660000317,password123
09660000318,password123
09660000319,password123
09660000320,password123
09660000321,password123
09660000322,password123
09660000323,password123
09660000324,password123
09660000325,password123
09660000326,password123
09660000327,password123
09660000328,password123
09660000329,password123
09660000330,password123
09660000331,password123
09660000332,password123
09660000333,password123
09660000334,password123
09660000335,password123
09660000336,password123
09660000337,password123
09660000338,password123
09660000339,password123
09660000340,password123
09660000341,password123
09660000342,password123
09660000343,password123
09660000344,password123
09660000345,password123
09660000346,password123
09660000347,password123
09660000348,password123
09660000349,password123
09660000350,password123
09660000351,password123
09660000352,password123
09660000353,password123
09660000354,password123
09660000355,password123
09660000356,password123
09660000357,password123
09660000358,password123
09660000359,password123
09660000360,password123
09660000361,password123
09660000362,password123
09660000363,password123
09660000364,password123
09660000365,password123
09660000366,password123
09660000367,password123
09660000368,password123
09660000369,password123
09660000370,password123
09660000371,password123
09660000372,password123
09660000373,password123
09660000374,password123
09660000375,password123
09660000376,password123
09660000377,password123
09660000378,password123
09660000379,password123
09660000380,password123
09660000381,password123
09660000382,password123
09660000383,password123
09660000384,password123
09660000385,password123
09660000386,password123
09660000387,password123
09660000388,password123
09660000389,password123
09660000390,password123
09660000391,password123
09660000392,password123
09660000393,password123
09660000394,password123
09660000395,password123
09660000396,password123
09660000397,password123
09660000398,password123
09660000399,password123
09660000400,password123